﻿<?xml version="1.0" encoding="utf-8"?>
<MediaFeed Id="6abcf72e-4a7e-4f25-9aa5-da8d856f2b71" Created="2020-11-24T13:12:20" SchemaVersion="3" EmlVersion="5" xmlns="http://www.aec.gov.au/xml/schema/mediafeed" xmlns:eml="urn:oasis:names:tc:evs:schema:eml" xmlns:ds="http://www.w3.org/2000/09/xmldsig#" xmlns:xal="urn:oasis:names:tc:ciq:xsdschema:xAL:2.0" xmlns:xnl="urn:oasis:names:tc:ciq:xsdschema:xNL:2.0" xmlns:ts="urn:oasis:names:tc:evs:schema:eml:ts" xmlns:xs="http://www.w3.org/2001/XMLSchema-instance" xs:schemaLocation="http://www.aec.gov.au/xml/schema/mediafeed ../Schema/AEC/aec-mediafeed-pollingdistricts-v3-0.xsd">
  <ManagingAuthority>
    <eml:AuthorityIdentifier Id="AEC">Australian Electoral Commission</eml:AuthorityIdentifier>
  </ManagingAuthority>
  <MessageLanguage>en</MessageLanguage>
  <MessageGenerator>
    <Name>Virtual Tally Room</Name>
    <Environment>PROD</Environment>
    <Site>CANBERRA</Site>
    <Server>VTR02</Server>
    <Platform>x64</Platform>
    <Version>10.7.28.58109</Version>
  </MessageGenerator>
  <Cycle Created="2020-11-24T13:12:18">42ddb770-8d92-4e01-b1ed-4101643339b9</Cycle>
  <PollingDistrictList>
    <eml:EventIdentifier Id="25881">
      <eml:EventName>2020 Groom By-election</eml:EventName>
    </eml:EventIdentifier>
    <PollingDistrict>
      <PollingDistrictIdentifier Id="164" ShortCode="GROO">
        <Name>Groom</Name>
        <StateIdentifier Id="QLD" />
      </PollingDistrictIdentifier>
      <NameDerivation>Named in honour of Sir Littleton Ernest Groom, 1867-1936, Speaker of the House of Representatives (1926-29) and a Member of the House of Representatives (1901-29 and 1931-36).</NameDerivation>
      <ProductsIndustry>This area is noted for its rich and diverse range of products and industries including agriculture, retailing and food processing as well as for the provision of educational and community services. Toowoomba is known as the Garden City. The University of Southern Queensland is located in Toowoomba while the Army Aviation Centre is based at Oakey.</ProductsIndustry>
      <Location>The Division of Groom consists of part of the Toowoomba Regional Council.</Location>
      <Demographic>Provincial</Demographic>
      <Area>5586</Area>
      <PollingPlaces>
        <PollingPlace Channel="polling">
          <eml:PhysicalLocation Id="5601">
            <eml:Address AddressDetailsKey="Biddeston">
              <xal:PostalServiceElements Type="GDA94">
                <xal:AddressLatitude>-27.554018</xal:AddressLatitude>
                <xal:AddressLongitude>151.697247</xal:AddressLongitude>
              </xal:PostalServiceElements>
              <xal:AddressLines>
                <xal:AddressLine Type="Premises">Biddeston State School</xal:AddressLine>
                <xal:AddressLine Type="AddressLine1">2425 Toowoomba-Cecil Plains Rd</xal:AddressLine>
                <xal:AddressLine Type="Suburb">BIDDESTON</xal:AddressLine>
                <xal:AddressLine Type="State">QLD</xal:AddressLine>
                <xal:AddressLine Type="Postcode">4401</xal:AddressLine>
              </xal:AddressLines>
            </eml:Address>
          </eml:PhysicalLocation>
          <PollingPlaceIdentifier Id="5601" Name="Biddeston" />
          <WheelchairAccess>None</WheelchairAccess>
        </PollingPlace>
        <PollingPlace Channel="polling">
          <eml:PhysicalLocation Id="65582">
            <eml:Address AddressDetailsKey="BLV Groom PPVC">
              <xal:PostalServiceElements Type="GDA94">
                <xal:AddressLatitude>-27.557862</xal:AddressLatitude>
                <xal:AddressLongitude>151.956729</xal:AddressLongitude>
              </xal:PostalServiceElements>
              <xal:AddressLines>
                <xal:AddressLine Type="Premises">BLV Groom</xal:AddressLine>
                <xal:AddressLine Type="AddressLine1">12 Neil St</xal:AddressLine>
                <xal:AddressLine Type="Suburb">TOOWOOMBA CITY</xal:AddressLine>
                <xal:AddressLine Type="State">QLD</xal:AddressLine>
                <xal:AddressLine Type="Postcode">4350</xal:AddressLine>
              </xal:AddressLines>
            </eml:Address>
          </eml:PhysicalLocation>
          <PollingPlaceIdentifier Id="65582" Name="BLV Groom PPVC" Classification="PrePollVotingCentre" />
          <WheelchairAccess>None</WheelchairAccess>
        </PollingPlace>
        <PollingPlace Channel="polling">
          <eml:PhysicalLocation Id="6119">
            <eml:Address AddressDetailsKey="Bowenville">
              <xal:PostalServiceElements Type="GDA94">
                <xal:AddressLatitude>-27.303593</xal:AddressLatitude>
                <xal:AddressLongitude>151.494087</xal:AddressLongitude>
              </xal:PostalServiceElements>
              <xal:AddressLines>
                <xal:AddressLine Type="Premises">Bowenville State School</xal:AddressLine>
                <xal:AddressLine Type="AddressLine1">Irvingdale St</xal:AddressLine>
                <xal:AddressLine Type="Suburb">BOWENVILLE</xal:AddressLine>
                <xal:AddressLine Type="State">QLD</xal:AddressLine>
                <xal:AddressLine Type="Postcode">4404</xal:AddressLine>
              </xal:AddressLines>
            </eml:Address>
          </eml:PhysicalLocation>
          <PollingPlaceIdentifier Id="6119" Name="Bowenville" />
          <WheelchairAccess>None</WheelchairAccess>
        </PollingPlace>
        <PollingPlace Channel="polling">
          <eml:PhysicalLocation Id="6123">
            <eml:Address AddressDetailsKey="Brookstead">
              <xal:PostalServiceElements Type="GDA94">
                <xal:AddressLatitude>-27.758111</xal:AddressLatitude>
                <xal:AddressLongitude>151.450525</xal:AddressLongitude>
              </xal:PostalServiceElements>
              <xal:AddressLines>
                <xal:AddressLine Type="Premises">Brookstead State School</xal:AddressLine>
                <xal:AddressLine Type="AddressLine1">30 Ware St</xal:AddressLine>
                <xal:AddressLine Type="Suburb">BROOKSTEAD</xal:AddressLine>
                <xal:AddressLine Type="State">QLD</xal:AddressLine>
                <xal:AddressLine Type="Postcode">4364</xal:AddressLine>
              </xal:AddressLines>
            </eml:Address>
          </eml:PhysicalLocation>
          <PollingPlaceIdentifier Id="6123" Name="Brookstead" />
          <WheelchairAccess>None</WheelchairAccess>
        </PollingPlace>
        <PollingPlace Channel="polling">
          <eml:PhysicalLocation Id="5603">
            <eml:Address AddressDetailsKey="Cambooya">
              <xal:PostalServiceElements Type="GDA94">
                <xal:AddressLatitude>-27.7093</xal:AddressLatitude>
                <xal:AddressLongitude>151.867</xal:AddressLongitude>
              </xal:PostalServiceElements>
              <xal:AddressLines>
                <xal:AddressLine Type="Premises">Cambooya State School</xal:AddressLine>
                <xal:AddressLine Type="AddressLine1">6 Harrow St</xal:AddressLine>
                <xal:AddressLine Type="Suburb">CAMBOOYA</xal:AddressLine>
                <xal:AddressLine Type="State">QLD</xal:AddressLine>
                <xal:AddressLine Type="Postcode">4358</xal:AddressLine>
              </xal:AddressLines>
            </eml:Address>
          </eml:PhysicalLocation>
          <PollingPlaceIdentifier Id="5603" Name="Cambooya" />
          <WheelchairAccess>Assisted</WheelchairAccess>
        </PollingPlace>
        <PollingPlace Channel="polling">
          <eml:PhysicalLocation Id="5636">
            <eml:Address AddressDetailsKey="Centenary Heights North">
              <xal:PostalServiceElements Type="GDA94">
                <xal:AddressLatitude>-27.578743</xal:AddressLatitude>
                <xal:AddressLongitude>151.965403</xal:AddressLongitude>
              </xal:PostalServiceElements>
              <xal:AddressLines>
                <xal:AddressLine Type="Premises">Centenary Heights High School</xal:AddressLine>
                <xal:AddressLine Type="AddressLine1">60 Ramsay St</xal:AddressLine>
                <xal:AddressLine Type="Suburb">CENTENARY HEIGHTS</xal:AddressLine>
                <xal:AddressLine Type="State">QLD</xal:AddressLine>
                <xal:AddressLine Type="Postcode">4350</xal:AddressLine>
              </xal:AddressLines>
            </eml:Address>
          </eml:PhysicalLocation>
          <PollingPlaceIdentifier Id="5636" Name="Centenary Heights North" />
          <WheelchairAccess>Assisted</WheelchairAccess>
        </PollingPlace>
        <PollingPlace Channel="polling">
          <eml:PhysicalLocation Id="5605">
            <eml:Address AddressDetailsKey="Darling Heights">
              <xal:PostalServiceElements Type="GDA94">
                <xal:AddressLatitude>-27.5961</xal:AddressLatitude>
                <xal:AddressLongitude>151.932</xal:AddressLongitude>
              </xal:PostalServiceElements>
              <xal:AddressLines>
                <xal:AddressLine Type="Premises">Darling Heights State School</xal:AddressLine>
                <xal:AddressLine Type="AddressLine1">Wuth St</xal:AddressLine>
                <xal:AddressLine Type="Suburb">DARLING HEIGHTS</xal:AddressLine>
                <xal:AddressLine Type="State">QLD</xal:AddressLine>
                <xal:AddressLine Type="Postcode">4350</xal:AddressLine>
              </xal:AddressLines>
            </eml:Address>
          </eml:PhysicalLocation>
          <PollingPlaceIdentifier Id="5605" Name="Darling Heights" />
          <WheelchairAccess>Assisted</WheelchairAccess>
        </PollingPlace>
        <PollingPlace Channel="polling">
          <eml:PhysicalLocation Id="30155">
            <eml:Address AddressDetailsKey="Divisional Office (PREPOLL)">
              <xal:PostalServiceElements Type="GDA94">
                <xal:AddressLatitude>-27.54509</xal:AddressLatitude>
                <xal:AddressLongitude>151.905765</xal:AddressLongitude>
              </xal:PostalServiceElements>
              <xal:AddressLines>
                <xal:AddressLine Type="Premises">Divisional Office</xal:AddressLine>
                <xal:AddressLine Type="AddressLine1">50 Industrial Ave</xal:AddressLine>
                <xal:AddressLine Type="Suburb">WILSONTON</xal:AddressLine>
                <xal:AddressLine Type="State">QLD</xal:AddressLine>
                <xal:AddressLine Type="Postcode">4350</xal:AddressLine>
              </xal:AddressLines>
            </eml:Address>
          </eml:PhysicalLocation>
          <PollingPlaceIdentifier Id="30155" Name="Divisional Office (PREPOLL)" Classification="PrePollVotingCentre" />
          <WheelchairAccess>Full</WheelchairAccess>
        </PollingPlace>
        <PollingPlace Channel="polling">
          <eml:PhysicalLocation Id="5606">
            <eml:Address AddressDetailsKey="Drayton">
              <xal:PostalServiceElements Type="GDA94">
                <xal:AddressLatitude>-27.6018</xal:AddressLatitude>
                <xal:AddressLongitude>151.912</xal:AddressLongitude>
              </xal:PostalServiceElements>
              <xal:AddressLines>
                <xal:AddressLine Type="Premises">Drayton State School</xal:AddressLine>
                <xal:AddressLine Type="AddressLine1">55 Brisbane St</xal:AddressLine>
                <xal:AddressLine Type="Suburb">DRAYTON</xal:AddressLine>
                <xal:AddressLine Type="State">QLD</xal:AddressLine>
                <xal:AddressLine Type="Postcode">4350</xal:AddressLine>
              </xal:AddressLines>
            </eml:Address>
          </eml:PhysicalLocation>
          <PollingPlaceIdentifier Id="5606" Name="Drayton" />
          <WheelchairAccess>Assisted</WheelchairAccess>
        </PollingPlace>
        <PollingPlace Channel="polling">
          <eml:PhysicalLocation Id="31434">
            <eml:Address AddressDetailsKey="Fairview Heights">
              <xal:PostalServiceElements Type="GDA94">
                <xal:AddressLatitude>-27.536103</xal:AddressLatitude>
                <xal:AddressLongitude>151.910923</xal:AddressLongitude>
              </xal:PostalServiceElements>
              <xal:AddressLines>
                <xal:AddressLine Type="Premises">Fairview Heights State School</xal:AddressLine>
                <xal:AddressLine Type="AddressLine1">75 McDougall St</xal:AddressLine>
                <xal:AddressLine Type="Suburb">WILSONTON</xal:AddressLine>
                <xal:AddressLine Type="State">QLD</xal:AddressLine>
                <xal:AddressLine Type="Postcode">4350</xal:AddressLine>
              </xal:AddressLines>
            </eml:Address>
          </eml:PhysicalLocation>
          <PollingPlaceIdentifier Id="31434" Name="Fairview Heights" />
          <WheelchairAccess>Assisted</WheelchairAccess>
        </PollingPlace>
        <PollingPlace Channel="polling">
          <eml:PhysicalLocation Id="12058">
            <eml:Address AddressDetailsKey="Gabbinbar">
              <xal:PostalServiceElements Type="GDA94">
                <xal:AddressLatitude>-27.5957</xal:AddressLatitude>
                <xal:AddressLongitude>151.969</xal:AddressLongitude>
              </xal:PostalServiceElements>
              <xal:AddressLines>
                <xal:AddressLine Type="Premises">Gabbinbar State School</xal:AddressLine>
                <xal:AddressLine Type="AddressLine1">189 Stenner St</xal:AddressLine>
                <xal:AddressLine Type="Suburb">CENTENARY HEIGHTS</xal:AddressLine>
                <xal:AddressLine Type="State">QLD</xal:AddressLine>
                <xal:AddressLine Type="Postcode">4350</xal:AddressLine>
              </xal:AddressLines>
            </eml:Address>
          </eml:PhysicalLocation>
          <PollingPlaceIdentifier Id="12058" Name="Gabbinbar" />
          <WheelchairAccess>Assisted</WheelchairAccess>
        </PollingPlace>
        <PollingPlace Channel="polling">
          <eml:PhysicalLocation Id="5480">
            <eml:Address AddressDetailsKey="Geham">
              <xal:PostalServiceElements Type="GDA94">
                <xal:AddressLatitude>-27.4067</xal:AddressLatitude>
                <xal:AddressLongitude>151.997</xal:AddressLongitude>
              </xal:PostalServiceElements>
              <xal:AddressLines>
                <xal:AddressLine Type="Premises">Geham State School</xal:AddressLine>
                <xal:AddressLine Type="AddressLine1">9625 New England Hwy</xal:AddressLine>
                <xal:AddressLine Type="Suburb">GEHAM</xal:AddressLine>
                <xal:AddressLine Type="State">QLD</xal:AddressLine>
                <xal:AddressLine Type="Postcode">4352</xal:AddressLine>
              </xal:AddressLines>
            </eml:Address>
          </eml:PhysicalLocation>
          <PollingPlaceIdentifier Id="5480" Name="Geham" />
          <WheelchairAccess>Assisted</WheelchairAccess>
        </PollingPlace>
        <PollingPlace Channel="polling">
          <eml:PhysicalLocation Id="12017">
            <eml:Address AddressDetailsKey="Glenvale">
              <xal:PostalServiceElements Type="GDA94">
                <xal:AddressLatitude>-27.5634</xal:AddressLatitude>
                <xal:AddressLongitude>151.903</xal:AddressLongitude>
              </xal:PostalServiceElements>
              <xal:AddressLines>
                <xal:AddressLine Type="Premises">Glenvale State School</xal:AddressLine>
                <xal:AddressLine Type="AddressLine1">224 Glenvale Rd</xal:AddressLine>
                <xal:AddressLine Type="Suburb">GLENVALE</xal:AddressLine>
                <xal:AddressLine Type="State">QLD</xal:AddressLine>
                <xal:AddressLine Type="Postcode">4350</xal:AddressLine>
              </xal:AddressLines>
            </eml:Address>
          </eml:PhysicalLocation>
          <PollingPlaceIdentifier Id="12017" Name="Glenvale" />
          <WheelchairAccess>Assisted</WheelchairAccess>
        </PollingPlace>
        <PollingPlace Channel="polling">
          <eml:PhysicalLocation Id="6160">
            <eml:Address AddressDetailsKey="Goombungee">
              <xal:PostalServiceElements Type="GDA94">
                <xal:AddressLatitude>-27.302437</xal:AddressLatitude>
                <xal:AddressLongitude>151.85243</xal:AddressLongitude>
              </xal:PostalServiceElements>
              <xal:AddressLines>
                <xal:AddressLine Type="Premises">Goombungee State School</xal:AddressLine>
                <xal:AddressLine Type="AddressLine1">52 Mocatta St</xal:AddressLine>
                <xal:AddressLine Type="Suburb">GOOMBUNGEE</xal:AddressLine>
                <xal:AddressLine Type="State">QLD</xal:AddressLine>
                <xal:AddressLine Type="Postcode">4354</xal:AddressLine>
              </xal:AddressLines>
            </eml:Address>
          </eml:PhysicalLocation>
          <PollingPlaceIdentifier Id="6160" Name="Goombungee" />
          <WheelchairAccess>Assisted</WheelchairAccess>
        </PollingPlace>
        <PollingPlace Channel="polling">
          <eml:PhysicalLocation Id="5612">
            <eml:Address AddressDetailsKey="Gowrie">
              <xal:PostalServiceElements Type="GDA94">
                <xal:AddressLatitude>-27.4908</xal:AddressLatitude>
                <xal:AddressLongitude>151.892</xal:AddressLongitude>
              </xal:PostalServiceElements>
              <xal:AddressLines>
                <xal:AddressLine Type="Premises">Gowrie State School</xal:AddressLine>
                <xal:AddressLine Type="AddressLine1">Old Homebush Rd</xal:AddressLine>
                <xal:AddressLine Type="Suburb">GOWRIE JUNCTION</xal:AddressLine>
                <xal:AddressLine Type="State">QLD</xal:AddressLine>
                <xal:AddressLine Type="Postcode">4352</xal:AddressLine>
              </xal:AddressLines>
            </eml:Address>
          </eml:PhysicalLocation>
          <PollingPlaceIdentifier Id="5612" Name="Gowrie" />
          <WheelchairAccess>Assisted</WheelchairAccess>
        </PollingPlace>
        <PollingPlace Channel="polling">
          <eml:PhysicalLocation Id="6447">
            <eml:Address AddressDetailsKey="Greenmount East">
              <xal:PostalServiceElements Type="GDA94">
                <xal:AddressLatitude>-27.783541</xal:AddressLatitude>
                <xal:AddressLongitude>151.944979</xal:AddressLongitude>
              </xal:PostalServiceElements>
              <xal:AddressLines>
                <xal:AddressLine Type="Premises">Emu Creek State School</xal:AddressLine>
                <xal:AddressLine Type="AddressLine1">14534 New England Hwy</xal:AddressLine>
                <xal:AddressLine Type="Suburb">GREENMOUNT EAST</xal:AddressLine>
                <xal:AddressLine Type="State">QLD</xal:AddressLine>
                <xal:AddressLine Type="Postcode">4359</xal:AddressLine>
              </xal:AddressLines>
            </eml:Address>
          </eml:PhysicalLocation>
          <PollingPlaceIdentifier Id="6447" Name="Greenmount East" />
          <WheelchairAccess>Assisted</WheelchairAccess>
        </PollingPlace>
        <PollingPlace Channel="polling">
          <eml:PhysicalLocation Id="5614">
            <eml:Address AddressDetailsKey="Harlaxton">
              <xal:PostalServiceElements Type="GDA94">
                <xal:AddressLatitude>-27.53913</xal:AddressLatitude>
                <xal:AddressLongitude>151.955195</xal:AddressLongitude>
              </xal:PostalServiceElements>
              <xal:AddressLines>
                <xal:AddressLine Type="Premises">Harlaxton State School</xal:AddressLine>
                <xal:AddressLine Type="AddressLine1">110 Ruthven St</xal:AddressLine>
                <xal:AddressLine Type="Suburb">HARLAXTON</xal:AddressLine>
                <xal:AddressLine Type="State">QLD</xal:AddressLine>
                <xal:AddressLine Type="Postcode">4350</xal:AddressLine>
              </xal:AddressLines>
            </eml:Address>
          </eml:PhysicalLocation>
          <PollingPlaceIdentifier Id="5614" Name="Harlaxton" />
          <WheelchairAccess>None</WheelchairAccess>
        </PollingPlace>
        <PollingPlace Channel="polling">
          <eml:PhysicalLocation Id="5616">
            <eml:Address AddressDetailsKey="Harristown">
              <xal:PostalServiceElements Type="GDA94">
                <xal:AddressLatitude>-27.5731</xal:AddressLatitude>
                <xal:AddressLongitude>151.932</xal:AddressLongitude>
              </xal:PostalServiceElements>
              <xal:AddressLines>
                <xal:AddressLine Type="Premises">Harristown State High School</xal:AddressLine>
                <xal:AddressLine Type="AddressLine1">341-367 South St</xal:AddressLine>
                <xal:AddressLine Type="Suburb">HARRISTOWN</xal:AddressLine>
                <xal:AddressLine Type="State">QLD</xal:AddressLine>
                <xal:AddressLine Type="Postcode">4350</xal:AddressLine>
              </xal:AddressLines>
            </eml:Address>
          </eml:PhysicalLocation>
          <PollingPlaceIdentifier Id="5616" Name="Harristown" />
          <WheelchairAccess>Assisted</WheelchairAccess>
        </PollingPlace>
        <PollingPlace Channel="polling">
          <eml:PhysicalLocation Id="83264">
            <eml:Address AddressDetailsKey="Harristown South">
              <xal:PostalServiceElements Type="GDA94">
                <xal:AddressLatitude>-27.587924</xal:AddressLatitude>
                <xal:AddressLongitude>151.934062</xal:AddressLongitude>
              </xal:PostalServiceElements>
              <xal:AddressLines>
                <xal:AddressLine Type="Premises">Toowoomba Philharmonic Society</xal:AddressLine>
                <xal:AddressLine Type="AddressLine1">7 Mathews St</xal:AddressLine>
                <xal:AddressLine Type="Suburb">HARRISTOWN</xal:AddressLine>
                <xal:AddressLine Type="State">QLD</xal:AddressLine>
                <xal:AddressLine Type="Postcode">4350</xal:AddressLine>
              </xal:AddressLines>
            </eml:Address>
          </eml:PhysicalLocation>
          <PollingPlaceIdentifier Id="83264" Name="Harristown South" />
          <WheelchairAccess>Assisted</WheelchairAccess>
        </PollingPlace>
        <PollingPlace Channel="polling">
          <eml:PhysicalLocation Id="83251">
            <eml:Address AddressDetailsKey="Harristown West">
              <xal:PostalServiceElements Type="GDA94">
                <xal:AddressLatitude>-27.564633</xal:AddressLatitude>
                <xal:AddressLongitude>151.916337</xal:AddressLongitude>
              </xal:PostalServiceElements>
              <xal:AddressLines>
                <xal:AddressLine Type="Premises">Toowoomba Community Baptist Church</xal:AddressLine>
                <xal:AddressLine Type="AddressLine1">100 Glenvale Rd</xal:AddressLine>
                <xal:AddressLine Type="Suburb">HARRISTOWN</xal:AddressLine>
                <xal:AddressLine Type="State">QLD</xal:AddressLine>
                <xal:AddressLine Type="Postcode">4350</xal:AddressLine>
              </xal:AddressLines>
            </eml:Address>
          </eml:PhysicalLocation>
          <PollingPlaceIdentifier Id="83251" Name="Harristown West" />
          <WheelchairAccess>Assisted</WheelchairAccess>
        </PollingPlace>
        <PollingPlace Channel="polling">
          <eml:PhysicalLocation Id="5620">
            <eml:Address AddressDetailsKey="Highfields">
              <xal:PostalServiceElements Type="GDA94">
                <xal:AddressLatitude>-27.4622969</xal:AddressLatitude>
                <xal:AddressLongitude>151.9563703</xal:AddressLongitude>
              </xal:PostalServiceElements>
              <xal:AddressLines>
                <xal:AddressLine Type="Premises">Highfields State School</xal:AddressLine>
                <xal:AddressLine Type="AddressLine1">10459 New England Hwy</xal:AddressLine>
                <xal:AddressLine Type="Suburb">HIGHFIELDS</xal:AddressLine>
                <xal:AddressLine Type="State">QLD</xal:AddressLine>
                <xal:AddressLine Type="Postcode">4352</xal:AddressLine>
              </xal:AddressLines>
            </eml:Address>
          </eml:PhysicalLocation>
          <PollingPlaceIdentifier Id="5620" Name="Highfields" />
          <WheelchairAccess>Assisted</WheelchairAccess>
        </PollingPlace>
        <PollingPlace Channel="polling">
          <eml:PhysicalLocation Id="83378">
            <eml:Address AddressDetailsKey="Highfields North">
              <xal:PostalServiceElements Type="GDA94">
                <xal:AddressLatitude>-27.447609</xal:AddressLatitude>
                <xal:AddressLongitude>151.95103</xal:AddressLongitude>
              </xal:PostalServiceElements>
              <xal:AddressLines>
                <xal:AddressLine Type="Premises">Highfields State Secondary College</xal:AddressLine>
                <xal:AddressLine Type="AddressLine1">10 O'Brien Rd</xal:AddressLine>
                <xal:AddressLine Type="Suburb">HIGHFIELDS</xal:AddressLine>
                <xal:AddressLine Type="State">QLD</xal:AddressLine>
                <xal:AddressLine Type="Postcode">4352</xal:AddressLine>
              </xal:AddressLines>
            </eml:Address>
          </eml:PhysicalLocation>
          <PollingPlaceIdentifier Id="83378" Name="Highfields North" />
          <WheelchairAccess>Assisted</WheelchairAccess>
        </PollingPlace>
        <PollingPlace Channel="polling">
          <eml:PhysicalLocation Id="47702">
            <eml:Address AddressDetailsKey="Highfields West">
              <xal:PostalServiceElements Type="GDA94">
                <xal:AddressLatitude>-27.45219</xal:AddressLatitude>
                <xal:AddressLongitude>151.94156</xal:AddressLongitude>
              </xal:PostalServiceElements>
              <xal:AddressLines>
                <xal:AddressLine Type="Premises">Mary MacKillop School</xal:AddressLine>
                <xal:AddressLine Type="AddressLine1">75 Highfields Rd</xal:AddressLine>
                <xal:AddressLine Type="Suburb">HIGHFIELDS</xal:AddressLine>
                <xal:AddressLine Type="State">QLD</xal:AddressLine>
                <xal:AddressLine Type="Postcode">4352</xal:AddressLine>
              </xal:AddressLines>
            </eml:Address>
          </eml:PhysicalLocation>
          <PollingPlaceIdentifier Id="47702" Name="Highfields West" />
          <WheelchairAccess>Assisted</WheelchairAccess>
        </PollingPlace>
        <PollingPlace Channel="polling">
          <eml:PhysicalLocation Id="6178">
            <eml:Address AddressDetailsKey="Jondaryan">
              <xal:PostalServiceElements Type="GDA94">
                <xal:AddressLatitude>-27.373086</xal:AddressLatitude>
                <xal:AddressLongitude>151.585552</xal:AddressLongitude>
              </xal:PostalServiceElements>
              <xal:AddressLines>
                <xal:AddressLine Type="Premises">Jondaryan State School</xal:AddressLine>
                <xal:AddressLine Type="AddressLine1">10 Scott Rd</xal:AddressLine>
                <xal:AddressLine Type="Suburb">JONDARYAN</xal:AddressLine>
                <xal:AddressLine Type="State">QLD</xal:AddressLine>
                <xal:AddressLine Type="Postcode">4403</xal:AddressLine>
              </xal:AddressLines>
            </eml:Address>
          </eml:PhysicalLocation>
          <PollingPlaceIdentifier Id="6178" Name="Jondaryan" />
          <WheelchairAccess>Assisted</WheelchairAccess>
        </PollingPlace>
        <PollingPlace Channel="polling">
          <eml:PhysicalLocation Id="83248">
            <eml:Address AddressDetailsKey="Kearneys Spring">
              <xal:PostalServiceElements Type="GDA94">
                <xal:AddressLatitude>-27.605183</xal:AddressLatitude>
                <xal:AddressLongitude>151.955981</xal:AddressLongitude>
              </xal:PostalServiceElements>
              <xal:AddressLines>
                <xal:AddressLine Type="Premises">Toowoomba Valleys Leagues Club</xal:AddressLine>
                <xal:AddressLine Type="AddressLine1">21-41 Pillar St</xal:AddressLine>
                <xal:AddressLine Type="Suburb">MIDDLE RIDGE</xal:AddressLine>
                <xal:AddressLine Type="State">QLD</xal:AddressLine>
                <xal:AddressLine Type="Postcode">4350</xal:AddressLine>
              </xal:AddressLines>
            </eml:Address>
          </eml:PhysicalLocation>
          <PollingPlaceIdentifier Id="83248" Name="Kearneys Spring" />
          <WheelchairAccess>Assisted</WheelchairAccess>
        </PollingPlace>
        <PollingPlace Channel="polling">
          <eml:PhysicalLocation Id="5622">
            <eml:Address AddressDetailsKey="Kingsthorpe">
              <xal:PostalServiceElements Type="GDA94">
                <xal:AddressLatitude>-27.4715</xal:AddressLatitude>
                <xal:AddressLongitude>151.815</xal:AddressLongitude>
              </xal:PostalServiceElements>
              <xal:AddressLines>
                <xal:AddressLine Type="Premises">Kingsthorpe State School</xal:AddressLine>
                <xal:AddressLine Type="AddressLine1">50 Goombungee Rd</xal:AddressLine>
                <xal:AddressLine Type="Suburb">KINGSTHORPE</xal:AddressLine>
                <xal:AddressLine Type="State">QLD</xal:AddressLine>
                <xal:AddressLine Type="Postcode">4400</xal:AddressLine>
              </xal:AddressLines>
            </eml:Address>
          </eml:PhysicalLocation>
          <PollingPlaceIdentifier Id="5622" Name="Kingsthorpe" />
          <WheelchairAccess>Assisted</WheelchairAccess>
        </PollingPlace>
        <PollingPlace Channel="polling">
          <eml:PhysicalLocation Id="6186">
            <eml:Address AddressDetailsKey="Kulpi">
              <xal:PostalServiceElements Type="GDA94">
                <xal:AddressLatitude>-27.1865</xal:AddressLatitude>
                <xal:AddressLongitude>151.7</xal:AddressLongitude>
              </xal:PostalServiceElements>
              <xal:AddressLines>
                <xal:AddressLine Type="Premises">Kulpi State School</xal:AddressLine>
                <xal:AddressLine Type="AddressLine1">9 Beckman Rd</xal:AddressLine>
                <xal:AddressLine Type="Suburb">KULPI</xal:AddressLine>
                <xal:AddressLine Type="State">QLD</xal:AddressLine>
                <xal:AddressLine Type="Postcode">4352</xal:AddressLine>
              </xal:AddressLines>
            </eml:Address>
          </eml:PhysicalLocation>
          <PollingPlaceIdentifier Id="6186" Name="Kulpi" />
          <WheelchairAccess>Assisted</WheelchairAccess>
        </PollingPlace>
        <PollingPlace Channel="polling">
          <eml:PhysicalLocation Id="31483">
            <eml:Address AddressDetailsKey="Meringandan">
              <xal:PostalServiceElements Type="GDA94">
                <xal:AddressLatitude>-27.430849</xal:AddressLatitude>
                <xal:AddressLongitude>151.904949</xal:AddressLongitude>
              </xal:PostalServiceElements>
              <xal:AddressLines>
                <xal:AddressLine Type="Premises">Meringandan State School</xal:AddressLine>
                <xal:AddressLine Type="AddressLine1">Meringandan-Shirley Rd</xal:AddressLine>
                <xal:AddressLine Type="Suburb">MERINGANDAN</xal:AddressLine>
                <xal:AddressLine Type="State">QLD</xal:AddressLine>
                <xal:AddressLine Type="Postcode">4352</xal:AddressLine>
              </xal:AddressLines>
            </eml:Address>
          </eml:PhysicalLocation>
          <PollingPlaceIdentifier Id="31483" Name="Meringandan" />
          <WheelchairAccess>Assisted</WheelchairAccess>
        </PollingPlace>
        <PollingPlace Channel="polling">
          <eml:PhysicalLocation Id="5627">
            <eml:Address AddressDetailsKey="Middle Ridge">
              <xal:PostalServiceElements Type="GDA94">
                <xal:AddressLatitude>-27.6005</xal:AddressLatitude>
                <xal:AddressLongitude>151.956</xal:AddressLongitude>
              </xal:PostalServiceElements>
              <xal:AddressLines>
                <xal:AddressLine Type="Premises">Middle Ridge State School</xal:AddressLine>
                <xal:AddressLine Type="AddressLine1">203 Spring St</xal:AddressLine>
                <xal:AddressLine Type="Suburb">MIDDLE RIDGE</xal:AddressLine>
                <xal:AddressLine Type="State">QLD</xal:AddressLine>
                <xal:AddressLine Type="Postcode">4350</xal:AddressLine>
              </xal:AddressLines>
            </eml:Address>
          </eml:PhysicalLocation>
          <PollingPlaceIdentifier Id="5627" Name="Middle Ridge" />
          <WheelchairAccess>Assisted</WheelchairAccess>
        </PollingPlace>
        <PollingPlace Channel="polling">
          <eml:PhysicalLocation Id="5628">
            <eml:Address AddressDetailsKey="Mount Lofty">
              <xal:PostalServiceElements Type="GDA94">
                <xal:AddressLatitude>-27.546134</xal:AddressLatitude>
                <xal:AddressLongitude>151.964738</xal:AddressLongitude>
              </xal:PostalServiceElements>
              <xal:AddressLines>
                <xal:AddressLine Type="Premises">Toowoomba State High School</xal:AddressLine>
                <xal:AddressLine Type="AddressLine1">Stuart St</xal:AddressLine>
                <xal:AddressLine Type="Suburb">MOUNT LOFTY</xal:AddressLine>
                <xal:AddressLine Type="State">QLD</xal:AddressLine>
                <xal:AddressLine Type="Postcode">4350</xal:AddressLine>
              </xal:AddressLines>
            </eml:Address>
          </eml:PhysicalLocation>
          <PollingPlaceIdentifier Id="5628" Name="Mount Lofty" />
          <WheelchairAccess>Assisted</WheelchairAccess>
        </PollingPlace>
        <PollingPlace Channel="polling">
          <eml:PhysicalLocation Id="6197">
            <eml:Address AddressDetailsKey="Mount Tyson">
              <xal:PostalServiceElements Type="GDA94">
                <xal:AddressLatitude>-27.5747</xal:AddressLatitude>
                <xal:AddressLongitude>151.569</xal:AddressLongitude>
              </xal:PostalServiceElements>
              <xal:AddressLines>
                <xal:AddressLine Type="Premises">Mount Tyson State School</xal:AddressLine>
                <xal:AddressLine Type="AddressLine1">Main St</xal:AddressLine>
                <xal:AddressLine Type="Suburb">MOUNT TYSON</xal:AddressLine>
                <xal:AddressLine Type="State">QLD</xal:AddressLine>
                <xal:AddressLine Type="Postcode">4356</xal:AddressLine>
              </xal:AddressLines>
            </eml:Address>
          </eml:PhysicalLocation>
          <PollingPlaceIdentifier Id="6197" Name="Mount Tyson" />
          <WheelchairAccess>Assisted</WheelchairAccess>
        </PollingPlace>
        <PollingPlace Channel="polling">
          <eml:PhysicalLocation Id="5630">
            <eml:Address AddressDetailsKey="Newtown">
              <xal:PostalServiceElements Type="GDA94">
                <xal:AddressLatitude>-27.5592</xal:AddressLatitude>
                <xal:AddressLongitude>151.935</xal:AddressLongitude>
              </xal:PostalServiceElements>
              <xal:AddressLines>
                <xal:AddressLine Type="Premises">Newtown State School</xal:AddressLine>
                <xal:AddressLine Type="AddressLine1">24 Albert St</xal:AddressLine>
                <xal:AddressLine Type="Suburb">NEWTOWN</xal:AddressLine>
                <xal:AddressLine Type="State">QLD</xal:AddressLine>
                <xal:AddressLine Type="Postcode">4350</xal:AddressLine>
              </xal:AddressLines>
            </eml:Address>
          </eml:PhysicalLocation>
          <PollingPlaceIdentifier Id="5630" Name="Newtown" />
          <WheelchairAccess>Assisted</WheelchairAccess>
        </PollingPlace>
        <PollingPlace Channel="polling">
          <eml:PhysicalLocation Id="98158">
            <eml:Address AddressDetailsKey="North Toowoomba PPVC">
              <xal:PostalServiceElements Type="GDA94">
                <xal:AddressLatitude />
                <xal:AddressLongitude />
              </xal:PostalServiceElements>
              <xal:AddressLines>
                <xal:AddressLine Type="Premises">101 Mort St</xal:AddressLine>
                <xal:AddressLine Type="AddressLine1">101 Mort St</xal:AddressLine>
                <xal:AddressLine Type="Suburb">TOOWOOMBA</xal:AddressLine>
                <xal:AddressLine Type="State">QLD</xal:AddressLine>
                <xal:AddressLine Type="Postcode">4350</xal:AddressLine>
              </xal:AddressLines>
            </eml:Address>
          </eml:PhysicalLocation>
          <PollingPlaceIdentifier Id="98158" Name="North Toowoomba PPVC" Classification="PrePollVotingCentre" />
          <WheelchairAccess>Assisted</WheelchairAccess>
        </PollingPlace>
        <PollingPlace Channel="polling">
          <eml:PhysicalLocation Id="5632">
            <eml:Address AddressDetailsKey="Oakey">
              <xal:PostalServiceElements Type="GDA94">
                <xal:AddressLatitude>-27.44493</xal:AddressLatitude>
                <xal:AddressLongitude>151.719111</xal:AddressLongitude>
              </xal:PostalServiceElements>
              <xal:AddressLines>
                <xal:AddressLine Type="Premises">Oakey State High School Assembly Hall</xal:AddressLine>
                <xal:AddressLine Type="AddressLine1">1 Campbell St</xal:AddressLine>
                <xal:AddressLine Type="Suburb">OAKEY</xal:AddressLine>
                <xal:AddressLine Type="State">QLD</xal:AddressLine>
                <xal:AddressLine Type="Postcode">4401</xal:AddressLine>
              </xal:AddressLines>
            </eml:Address>
          </eml:PhysicalLocation>
          <PollingPlaceIdentifier Id="5632" Name="Oakey" />
          <WheelchairAccess>Assisted</WheelchairAccess>
        </PollingPlace>
        <PollingPlace Channel="polling">
          <eml:PhysicalLocation Id="6204">
            <eml:Address AddressDetailsKey="Pittsworth">
              <xal:PostalServiceElements Type="GDA94">
                <xal:AddressLatitude>-27.718015</xal:AddressLatitude>
                <xal:AddressLongitude>151.634965</xal:AddressLongitude>
              </xal:PostalServiceElements>
              <xal:AddressLines>
                <xal:AddressLine Type="Premises">Pittsworth Function Centre</xal:AddressLine>
                <xal:AddressLine Type="AddressLine1">42 Hume St</xal:AddressLine>
                <xal:AddressLine Type="Suburb">PITTSWORTH</xal:AddressLine>
                <xal:AddressLine Type="State">QLD</xal:AddressLine>
                <xal:AddressLine Type="Postcode">4356</xal:AddressLine>
              </xal:AddressLines>
            </eml:Address>
          </eml:PhysicalLocation>
          <PollingPlaceIdentifier Id="6204" Name="Pittsworth" />
          <WheelchairAccess>Assisted</WheelchairAccess>
        </PollingPlace>
        <PollingPlace Channel="polling">
          <eml:PhysicalLocation Id="6206">
            <eml:Address AddressDetailsKey="Quinalow">
              <xal:PostalServiceElements Type="GDA94">
                <xal:AddressLatitude>-27.1074168</xal:AddressLatitude>
                <xal:AddressLongitude>151.6220429</xal:AddressLongitude>
              </xal:PostalServiceElements>
              <xal:AddressLines>
                <xal:AddressLine Type="Premises">Quinalow State School</xal:AddressLine>
                <xal:AddressLine Type="AddressLine1">1/5 Progress St</xal:AddressLine>
                <xal:AddressLine Type="Suburb">QUINALOW</xal:AddressLine>
                <xal:AddressLine Type="State">QLD</xal:AddressLine>
                <xal:AddressLine Type="Postcode">4403</xal:AddressLine>
              </xal:AddressLines>
            </eml:Address>
          </eml:PhysicalLocation>
          <PollingPlaceIdentifier Id="6206" Name="Quinalow" />
          <WheelchairAccess>Assisted</WheelchairAccess>
        </PollingPlace>
        <PollingPlace Channel="polling">
          <eml:PhysicalLocation Id="5633">
            <eml:Address AddressDetailsKey="Rangeville">
              <xal:PostalServiceElements Type="GDA94">
                <xal:AddressLatitude>-27.583455</xal:AddressLatitude>
                <xal:AddressLongitude>151.97993</xal:AddressLongitude>
              </xal:PostalServiceElements>
              <xal:AddressLines>
                <xal:AddressLine Type="Premises">Rangeville State School K Block Hall</xal:AddressLine>
                <xal:AddressLine Type="AddressLine1">32A High St</xal:AddressLine>
                <xal:AddressLine Type="Suburb">RANGEVILLE</xal:AddressLine>
                <xal:AddressLine Type="State">QLD</xal:AddressLine>
                <xal:AddressLine Type="Postcode">4350</xal:AddressLine>
              </xal:AddressLines>
            </eml:Address>
          </eml:PhysicalLocation>
          <PollingPlaceIdentifier Id="5633" Name="Rangeville" />
          <WheelchairAccess>None</WheelchairAccess>
        </PollingPlace>
        <PollingPlace Channel="polling">
          <eml:PhysicalLocation Id="5637">
            <eml:Address AddressDetailsKey="Rangeville North">
              <xal:PostalServiceElements Type="GDA94">
                <xal:AddressLatitude>-27.57249</xal:AddressLatitude>
                <xal:AddressLongitude>151.970933</xal:AddressLongitude>
              </xal:PostalServiceElements>
              <xal:AddressLines>
                <xal:AddressLine Type="Premises">St Josephs College</xal:AddressLine>
                <xal:AddressLine Type="AddressLine1">54 James St</xal:AddressLine>
                <xal:AddressLine Type="Suburb">RANGEVILLE</xal:AddressLine>
                <xal:AddressLine Type="State">QLD</xal:AddressLine>
                <xal:AddressLine Type="Postcode">4350</xal:AddressLine>
              </xal:AddressLines>
            </eml:Address>
          </eml:PhysicalLocation>
          <PollingPlaceIdentifier Id="5637" Name="Rangeville North" />
          <WheelchairAccess>Assisted</WheelchairAccess>
        </PollingPlace>
        <PollingPlace Channel="polling">
          <eml:PhysicalLocation Id="5634">
            <eml:Address AddressDetailsKey="Rockville">
              <xal:PostalServiceElements Type="GDA94">
                <xal:AddressLatitude>-27.5315</xal:AddressLatitude>
                <xal:AddressLongitude>151.935</xal:AddressLongitude>
              </xal:PostalServiceElements>
              <xal:AddressLines>
                <xal:AddressLine Type="Premises">Rockville State School</xal:AddressLine>
                <xal:AddressLine Type="AddressLine1">3 Holberton St</xal:AddressLine>
                <xal:AddressLine Type="Suburb">ROCKVILLE</xal:AddressLine>
                <xal:AddressLine Type="State">QLD</xal:AddressLine>
                <xal:AddressLine Type="Postcode">4350</xal:AddressLine>
              </xal:AddressLines>
            </eml:Address>
          </eml:PhysicalLocation>
          <PollingPlaceIdentifier Id="5634" Name="Rockville" />
          <WheelchairAccess>Assisted</WheelchairAccess>
        </PollingPlace>
        <PollingPlace Channel="polling">
          <eml:PhysicalLocation Id="6218">
            <eml:Address AddressDetailsKey="Southbrook">
              <xal:PostalServiceElements Type="GDA94">
                <xal:AddressLatitude>-27.677</xal:AddressLatitude>
                <xal:AddressLongitude>151.704</xal:AddressLongitude>
              </xal:PostalServiceElements>
              <xal:AddressLines>
                <xal:AddressLine Type="Premises">Southbrook Central State School</xal:AddressLine>
                <xal:AddressLine Type="AddressLine1">1 School Rd</xal:AddressLine>
                <xal:AddressLine Type="Suburb">SOUTHBROOK</xal:AddressLine>
                <xal:AddressLine Type="State">QLD</xal:AddressLine>
                <xal:AddressLine Type="Postcode">4352</xal:AddressLine>
              </xal:AddressLines>
            </eml:Address>
          </eml:PhysicalLocation>
          <PollingPlaceIdentifier Id="6218" Name="Southbrook" />
          <WheelchairAccess>Assisted</WheelchairAccess>
        </PollingPlace>
        <PollingPlace Channel="polling">
          <eml:PhysicalLocation Id="83245">
            <eml:Address AddressDetailsKey="South Toowoomba PPVC">
              <xal:PostalServiceElements Type="GDA94">
                <xal:AddressLatitude>-27.600881</xal:AddressLatitude>
                <xal:AddressLongitude>151.927104</xal:AddressLongitude>
              </xal:PostalServiceElements>
              <xal:AddressLines>
                <xal:AddressLine Type="Premises">Concannon College Dining Hall</xal:AddressLine>
                <xal:AddressLine Type="AddressLine1">Concannon College Dining Hall</xal:AddressLine>
                <xal:AddressLine Type="AddressLine2">University Of Southern QLD</xal:AddressLine>
                <xal:AddressLine Type="AddressLine3">131 Baker St</xal:AddressLine>
                <xal:AddressLine Type="Suburb">DARLING HEIGHTS</xal:AddressLine>
                <xal:AddressLine Type="State">QLD</xal:AddressLine>
                <xal:AddressLine Type="Postcode">4350</xal:AddressLine>
              </xal:AddressLines>
            </eml:Address>
          </eml:PhysicalLocation>
          <PollingPlaceIdentifier Id="83245" Name="South Toowoomba PPVC" Classification="PrePollVotingCentre" />
          <WheelchairAccess>Assisted</WheelchairAccess>
        </PollingPlace>
        <PollingPlace Channel="polling">
          <eml:PhysicalLocation Id="5638">
            <eml:Address AddressDetailsKey="The Range">
              <xal:PostalServiceElements Type="GDA94">
                <xal:AddressLatitude>-27.5562</xal:AddressLatitude>
                <xal:AddressLongitude>151.978</xal:AddressLongitude>
              </xal:PostalServiceElements>
              <xal:AddressLines>
                <xal:AddressLine Type="Premises">Fairholme College</xal:AddressLine>
                <xal:AddressLine Type="AddressLine1">40 Wirra Wirra St</xal:AddressLine>
                <xal:AddressLine Type="Suburb">EAST TOOWOOMBA</xal:AddressLine>
                <xal:AddressLine Type="State">QLD</xal:AddressLine>
                <xal:AddressLine Type="Postcode">4350</xal:AddressLine>
              </xal:AddressLines>
            </eml:Address>
          </eml:PhysicalLocation>
          <PollingPlaceIdentifier Id="5638" Name="The Range" />
          <WheelchairAccess>Assisted</WheelchairAccess>
        </PollingPlace>
        <PollingPlace Channel="polling">
          <eml:PhysicalLocation Id="5640">
            <eml:Address AddressDetailsKey="Toowoomba City">
              <xal:PostalServiceElements Type="GDA94">
                <xal:AddressLatitude>-27.5653</xal:AddressLatitude>
                <xal:AddressLongitude>151.953</xal:AddressLongitude>
              </xal:PostalServiceElements>
              <xal:AddressLines>
                <xal:AddressLine Type="Premises">St Lukes Hall</xal:AddressLine>
                <xal:AddressLine Type="AddressLine1">590 Ruthven St</xal:AddressLine>
                <xal:AddressLine Type="Suburb">TOOWOOMBA CITY</xal:AddressLine>
                <xal:AddressLine Type="State">QLD</xal:AddressLine>
                <xal:AddressLine Type="Postcode">4350</xal:AddressLine>
              </xal:AddressLines>
            </eml:Address>
          </eml:PhysicalLocation>
          <PollingPlaceIdentifier Id="5640" Name="Toowoomba City" />
          <WheelchairAccess>Assisted</WheelchairAccess>
        </PollingPlace>
        <PollingPlace Channel="polling">
          <eml:PhysicalLocation Id="5641">
            <eml:Address AddressDetailsKey="Toowoomba East">
              <xal:PostalServiceElements Type="GDA94">
                <xal:AddressLatitude>-27.55994</xal:AddressLatitude>
                <xal:AddressLongitude>151.966173</xal:AddressLongitude>
              </xal:PostalServiceElements>
              <xal:AddressLines>
                <xal:AddressLine Type="Premises">Toowoomba East State School</xal:AddressLine>
                <xal:AddressLine Type="AddressLine1">cnr Arthur St and Mary St</xal:AddressLine>
                <xal:AddressLine Type="Suburb">EAST TOOWOOMBA</xal:AddressLine>
                <xal:AddressLine Type="State">QLD</xal:AddressLine>
                <xal:AddressLine Type="Postcode">4350</xal:AddressLine>
              </xal:AddressLines>
            </eml:Address>
          </eml:PhysicalLocation>
          <PollingPlaceIdentifier Id="5641" Name="Toowoomba East" />
          <WheelchairAccess>Assisted</WheelchairAccess>
        </PollingPlace>
        <PollingPlace Channel="polling">
          <eml:PhysicalLocation Id="5642">
            <eml:Address AddressDetailsKey="Toowoomba North">
              <xal:PostalServiceElements Type="GDA94">
                <xal:AddressLatitude />
                <xal:AddressLongitude />
              </xal:PostalServiceElements>
              <xal:AddressLines>
                <xal:AddressLine Type="Premises">101 Mort St</xal:AddressLine>
                <xal:AddressLine Type="AddressLine1">101 Mort St</xal:AddressLine>
                <xal:AddressLine Type="Suburb">TOOWOOMBA</xal:AddressLine>
                <xal:AddressLine Type="State">QLD</xal:AddressLine>
                <xal:AddressLine Type="Postcode">4350</xal:AddressLine>
              </xal:AddressLines>
            </eml:Address>
          </eml:PhysicalLocation>
          <PollingPlaceIdentifier Id="5642" Name="Toowoomba North" />
          <WheelchairAccess>Assisted</WheelchairAccess>
        </PollingPlace>
        <PollingPlace Channel="polling">
          <eml:PhysicalLocation Id="32597">
            <eml:Address AddressDetailsKey="Toowoomba PPVC">
              <xal:PostalServiceElements Type="GDA94">
                <xal:AddressLatitude />
                <xal:AddressLongitude />
              </xal:PostalServiceElements>
              <xal:AddressLines>
                <xal:AddressLine Type="Premises">180 Herries St</xal:AddressLine>
                <xal:AddressLine Type="AddressLine1">180 Herries St</xal:AddressLine>
                <xal:AddressLine Type="Suburb">TOOWOOMBA</xal:AddressLine>
                <xal:AddressLine Type="State">QLD</xal:AddressLine>
                <xal:AddressLine Type="Postcode">4350</xal:AddressLine>
              </xal:AddressLines>
            </eml:Address>
          </eml:PhysicalLocation>
          <PollingPlaceIdentifier Id="32597" Name="Toowoomba PPVC" Classification="PrePollVotingCentre" />
          <WheelchairAccess>Assisted</WheelchairAccess>
        </PollingPlace>
        <PollingPlace Channel="polling">
          <eml:PhysicalLocation Id="5635">
            <eml:Address AddressDetailsKey="Toowoomba South">
              <xal:PostalServiceElements Type="GDA94">
                <xal:AddressLatitude>-27.572673</xal:AddressLatitude>
                <xal:AddressLongitude>151.953424</xal:AddressLongitude>
              </xal:PostalServiceElements>
              <xal:AddressLines>
                <xal:AddressLine Type="Premises">St Saviour's College</xal:AddressLine>
                <xal:AddressLine Type="AddressLine1">Neil St</xal:AddressLine>
                <xal:AddressLine Type="Suburb">TOOWOOMBA</xal:AddressLine>
                <xal:AddressLine Type="State">QLD</xal:AddressLine>
                <xal:AddressLine Type="Postcode">4350</xal:AddressLine>
              </xal:AddressLines>
            </eml:Address>
          </eml:PhysicalLocation>
          <PollingPlaceIdentifier Id="5635" Name="Toowoomba South" />
          <WheelchairAccess>Assisted</WheelchairAccess>
        </PollingPlace>
        <PollingPlace Channel="polling">
          <eml:PhysicalLocation Id="5644">
            <eml:Address AddressDetailsKey="Toowoomba Taylor St">
              <xal:PostalServiceElements Type="GDA94">
                <xal:AddressLatitude>-27.556623</xal:AddressLatitude>
                <xal:AddressLongitude>151.94918</xal:AddressLongitude>
              </xal:PostalServiceElements>
              <xal:AddressLines>
                <xal:AddressLine Type="Premises">Toowoomba North State School</xal:AddressLine>
                <xal:AddressLine Type="AddressLine1">cnr Taylor St &amp; Mort St</xal:AddressLine>
                <xal:AddressLine Type="Suburb">TOOWOOMBA CITY</xal:AddressLine>
                <xal:AddressLine Type="State">QLD</xal:AddressLine>
                <xal:AddressLine Type="Postcode">4350</xal:AddressLine>
              </xal:AddressLines>
            </eml:Address>
          </eml:PhysicalLocation>
          <PollingPlaceIdentifier Id="5644" Name="Toowoomba Taylor St" />
          <WheelchairAccess>None</WheelchairAccess>
        </PollingPlace>
        <PollingPlace Channel="polling">
          <eml:PhysicalLocation Id="5645">
            <eml:Address AddressDetailsKey="Toowoomba West">
              <xal:PostalServiceElements Type="GDA94">
                <xal:AddressLatitude>-27.5657969</xal:AddressLatitude>
                <xal:AddressLongitude>151.9274509</xal:AddressLongitude>
              </xal:PostalServiceElements>
              <xal:AddressLines>
                <xal:AddressLine Type="Premises">Good Shepherd Lutheran Hall</xal:AddressLine>
                <xal:AddressLine Type="AddressLine1">23 Glenvale Rd</xal:AddressLine>
                <xal:AddressLine Type="Suburb">HARRISTOWN</xal:AddressLine>
                <xal:AddressLine Type="State">QLD</xal:AddressLine>
                <xal:AddressLine Type="Postcode">4350</xal:AddressLine>
              </xal:AddressLines>
            </eml:Address>
          </eml:PhysicalLocation>
          <PollingPlaceIdentifier Id="5645" Name="Toowoomba West" />
          <WheelchairAccess>Assisted</WheelchairAccess>
        </PollingPlace>
        <PollingPlace Channel="polling">
          <eml:PhysicalLocation Id="5646">
            <eml:Address AddressDetailsKey="Tor Street North">
              <xal:PostalServiceElements Type="GDA94">
                <xal:AddressLatitude>-27.5393</xal:AddressLatitude>
                <xal:AddressLongitude>151.931</xal:AddressLongitude>
              </xal:PostalServiceElements>
              <xal:AddressLines>
                <xal:AddressLine Type="Premises">Sacred Heart School</xal:AddressLine>
                <xal:AddressLine Type="AddressLine1">263 Tor St</xal:AddressLine>
                <xal:AddressLine Type="Suburb">WILSONTON</xal:AddressLine>
                <xal:AddressLine Type="State">QLD</xal:AddressLine>
                <xal:AddressLine Type="Postcode">4350</xal:AddressLine>
              </xal:AddressLines>
            </eml:Address>
          </eml:PhysicalLocation>
          <PollingPlaceIdentifier Id="5646" Name="Tor Street North" />
          <WheelchairAccess>Assisted</WheelchairAccess>
        </PollingPlace>
        <PollingPlace Channel="polling">
          <eml:PhysicalLocation Id="5604">
            <eml:Address AddressDetailsKey="Wellcamp">
              <xal:PostalServiceElements Type="GDA94">
                <xal:AddressLatitude>-27.553858</xal:AddressLatitude>
                <xal:AddressLongitude>151.851012</xal:AddressLongitude>
              </xal:PostalServiceElements>
              <xal:AddressLines>
                <xal:AddressLine Type="Premises">Wellcamp State School</xal:AddressLine>
                <xal:AddressLine Type="AddressLine1">609 Drayton-Wellcamp Rd</xal:AddressLine>
                <xal:AddressLine Type="Suburb">WELLCAMP</xal:AddressLine>
                <xal:AddressLine Type="State">QLD</xal:AddressLine>
                <xal:AddressLine Type="Postcode">4350</xal:AddressLine>
              </xal:AddressLines>
            </eml:Address>
          </eml:PhysicalLocation>
          <PollingPlaceIdentifier Id="5604" Name="Wellcamp" />
          <WheelchairAccess>None</WheelchairAccess>
        </PollingPlace>
        <PollingPlace Channel="polling">
          <eml:PhysicalLocation Id="5648">
            <eml:Address AddressDetailsKey="Westbrook">
              <xal:PostalServiceElements Type="GDA94">
                <xal:AddressLatitude>-27.606251</xal:AddressLatitude>
                <xal:AddressLongitude>151.832748</xal:AddressLongitude>
              </xal:PostalServiceElements>
              <xal:AddressLines>
                <xal:AddressLine Type="Premises">Bunkers Hill State School Hall</xal:AddressLine>
                <xal:AddressLine Type="AddressLine1">315 Bunkers Hill School Rd</xal:AddressLine>
                <xal:AddressLine Type="Suburb">WESTBROOK</xal:AddressLine>
                <xal:AddressLine Type="State">QLD</xal:AddressLine>
                <xal:AddressLine Type="Postcode">4350</xal:AddressLine>
              </xal:AddressLines>
            </eml:Address>
          </eml:PhysicalLocation>
          <PollingPlaceIdentifier Id="5648" Name="Westbrook" />
          <WheelchairAccess>Assisted</WheelchairAccess>
        </PollingPlace>
        <PollingPlace Channel="polling">
          <eml:PhysicalLocation Id="97664">
            <eml:Address AddressDetailsKey="West Toowoomba PPVC">
              <xal:PostalServiceElements Type="GDA94">
                <xal:AddressLatitude />
                <xal:AddressLongitude />
              </xal:PostalServiceElements>
              <xal:AddressLines>
                <xal:AddressLine Type="Premises">21 Rocla Ct</xal:AddressLine>
                <xal:AddressLine Type="AddressLine1">21 Rocla Ct</xal:AddressLine>
                <xal:AddressLine Type="Suburb">GLENVALE</xal:AddressLine>
                <xal:AddressLine Type="State">QLD</xal:AddressLine>
                <xal:AddressLine Type="Postcode">4350</xal:AddressLine>
              </xal:AddressLines>
            </eml:Address>
          </eml:PhysicalLocation>
          <PollingPlaceIdentifier Id="97664" Name="West Toowoomba PPVC" Classification="PrePollVotingCentre" />
          <WheelchairAccess>Assisted</WheelchairAccess>
        </PollingPlace>
        <PollingPlace Channel="polling">
          <eml:PhysicalLocation Id="5649">
            <eml:Address AddressDetailsKey="Wilsonton">
              <xal:PostalServiceElements Type="GDA94">
                <xal:AddressLatitude>-27.541165</xal:AddressLatitude>
                <xal:AddressLongitude>151.921665</xal:AddressLongitude>
              </xal:PostalServiceElements>
              <xal:AddressLines>
                <xal:AddressLine Type="Premises">Wilsonton State School</xal:AddressLine>
                <xal:AddressLine Type="AddressLine1">429 Bridge St</xal:AddressLine>
                <xal:AddressLine Type="Suburb">WILSONTON</xal:AddressLine>
                <xal:AddressLine Type="State">QLD</xal:AddressLine>
                <xal:AddressLine Type="Postcode">4350</xal:AddressLine>
              </xal:AddressLines>
            </eml:Address>
          </eml:PhysicalLocation>
          <PollingPlaceIdentifier Id="5649" Name="Wilsonton" />
          <WheelchairAccess>Assisted</WheelchairAccess>
        </PollingPlace>
        <PollingPlace Channel="polling">
          <eml:PhysicalLocation Id="83239">
            <eml:Address AddressDetailsKey="Wilsonton Heights">
              <xal:PostalServiceElements Type="GDA94">
                <xal:AddressLatitude>-27.537807</xal:AddressLatitude>
                <xal:AddressLongitude>151.924509</xal:AddressLongitude>
              </xal:PostalServiceElements>
              <xal:AddressLines>
                <xal:AddressLine Type="Premises">Wilsonton High School</xal:AddressLine>
                <xal:AddressLine Type="AddressLine1">275 North St</xal:AddressLine>
                <xal:AddressLine Type="Suburb">WILSONTON HEIGHTS</xal:AddressLine>
                <xal:AddressLine Type="State">QLD</xal:AddressLine>
                <xal:AddressLine Type="Postcode">4350</xal:AddressLine>
              </xal:AddressLines>
            </eml:Address>
          </eml:PhysicalLocation>
          <PollingPlaceIdentifier Id="83239" Name="Wilsonton Heights" />
          <WheelchairAccess>Assisted</WheelchairAccess>
        </PollingPlace>
        <PollingPlace Channel="polling">
          <eml:PhysicalLocation Id="5651">
            <eml:Address AddressDetailsKey="Wyreema">
              <xal:PostalServiceElements Type="GDA94">
                <xal:AddressLatitude>-27.6586491</xal:AddressLatitude>
                <xal:AddressLongitude>151.8550751</xal:AddressLongitude>
              </xal:PostalServiceElements>
              <xal:AddressLines>
                <xal:AddressLine Type="Premises">Wyreema State School</xal:AddressLine>
                <xal:AddressLine Type="AddressLine1">12 High St</xal:AddressLine>
                <xal:AddressLine Type="Suburb">WYREEMA</xal:AddressLine>
                <xal:AddressLine Type="State">QLD</xal:AddressLine>
                <xal:AddressLine Type="Postcode">4352</xal:AddressLine>
              </xal:AddressLines>
            </eml:Address>
          </eml:PhysicalLocation>
          <PollingPlaceIdentifier Id="5651" Name="Wyreema" />
          <WheelchairAccess>Assisted</WheelchairAccess>
        </PollingPlace>
      </PollingPlaces>
    </PollingDistrict>
  </PollingDistrictList>
</MediaFeed>