﻿<?xml version="1.0" encoding="utf-8"?>
<EML xmlns="urn:oasis:names:tc:evs:schema:eml" xmlns:ds="http://www.w3.org/2000/09/xmldsig#" xmlns:xal="urn:oasis:names:tc:ciq:xsdschema:xAL:2.0" xmlns:xnl="urn:oasis:names:tc:ciq:xsdschema:xNL:2.0" xmlns:ts="urn:oasis:names:tc:evs:schema:eml:ts" xmlns:xs="http://www.w3.org/2001/XMLSchema-instance" xs:schemaLocation="urn:oasis:names:tc:evs:schema:eml ../Schema/EML/230-candidatelist-v5-0.xsd" SchemaVersion="5" Id="557dbdf6-60a3-4299-9d55-7e207312190f">
  <TransactionId>42ddb770-8d92-4e01-b1ed-4101643339b9</TransactionId>
  <CandidateList>
    <EventIdentifier Id="25881">
      <EventName>2020 Groom By-election</EventName>
    </EventIdentifier>
    <Election>
      <ElectionIdentifier Id="H">
        <ElectionName>House of Representatives By-election for the division of Groom</ElectionName>
        <ElectionCategory>ByElection</ElectionCategory>
      </ElectionIdentifier>
      <Contest>
        <ContestIdentifier Id="164" ShortCode="GROO">
          <ContestName>Groom</ContestName>
        </ContestIdentifier>
        <Candidate Independent="no">
          <CandidateIdentifier Id="33860">
            <CandidateName>HAMILTON, Garth</CandidateName>
          </CandidateIdentifier>
          <CandidateFullName>
            <xnl:PersonName>
              <xnl:FirstName>Garth Russell</xnl:FirstName>
              <xnl:FirstName Type="BallotPaper">Garth</xnl:FirstName>
              <xnl:LastName>HAMILTON</xnl:LastName>
            </xnl:PersonName>
          </CandidateFullName>
          <Gender>male</Gender>
          <Contact />
          <Affiliation>
            <AffiliationIdentifier Id="1323" ShortCode="LNP">
              <RegisteredName>Liberal National Party of Queensland</RegisteredName>
            </AffiliationIdentifier>
            <Type>Party</Type>
          </Affiliation>
          <Profession>Engineer</Profession>
        </Candidate>
        <Candidate Independent="no">
          <CandidateIdentifier Id="33861">
            <CandidateName>FARQUHARSON, Craig</CandidateName>
          </CandidateIdentifier>
          <CandidateFullName>
            <xnl:PersonName>
              <xnl:FirstName>Craig Stuart</xnl:FirstName>
              <xnl:FirstName Type="BallotPaper">Craig</xnl:FirstName>
              <xnl:LastName>FARQUHARSON</xnl:LastName>
            </xnl:PersonName>
          </CandidateFullName>
          <Gender>male</Gender>
          <Contact />
          <Affiliation>
            <AffiliationIdentifier Id="1166" ShortCode="LDP">
              <RegisteredName>Liberal Democrats</RegisteredName>
            </AffiliationIdentifier>
            <Type>Party</Type>
          </Affiliation>
          <Profession>Retail</Profession>
        </Candidate>
        <Candidate Independent="no">
          <CandidateIdentifier Id="33862">
            <CandidateName>JEPHCOTT, Sandra</CandidateName>
          </CandidateIdentifier>
          <CandidateFullName>
            <xnl:PersonName>
              <xnl:FirstName>Sandra Barbara</xnl:FirstName>
              <xnl:FirstName Type="BallotPaper">Sandra</xnl:FirstName>
              <xnl:LastName>JEPHCOTT</xnl:LastName>
            </xnl:PersonName>
          </CandidateFullName>
          <Gender>female</Gender>
          <Contact />
          <Affiliation>
            <AffiliationIdentifier Id="1336" ShortCode="SPP">
              <RegisteredName>SUSTAINABLE AUSTRALIA - STOP OVERDEVELOPMENT. STOP CORRUPTION.</RegisteredName>
            </AffiliationIdentifier>
            <Type>Party</Type>
          </Affiliation>
          <Profession>Veterinarian and Farmer</Profession>
        </Candidate>
        <Candidate Independent="no">
          <CandidateIdentifier Id="33863">
            <CandidateName>MEIBUSCH, Chris</CandidateName>
          </CandidateIdentifier>
          <CandidateFullName>
            <xnl:PersonName>
              <xnl:FirstName>Christopher John</xnl:FirstName>
              <xnl:FirstName Type="BallotPaper">Chris</xnl:FirstName>
              <xnl:LastName>MEIBUSCH</xnl:LastName>
            </xnl:PersonName>
          </CandidateFullName>
          <Gender>male</Gender>
          <Contact />
          <Affiliation>
            <AffiliationIdentifier Id="196" ShortCode="ALP">
              <RegisteredName>Australian Labor Party</RegisteredName>
            </AffiliationIdentifier>
            <Type>Party</Type>
          </Affiliation>
          <Profession>Lawyer</Profession>
        </Candidate>
      </Contest>
    </Election>
  </CandidateList>
</EML>