﻿<?xml version="1.0" encoding="utf-8"?>
<EML xmlns="urn:oasis:names:tc:evs:schema:eml" xmlns:ds="http://www.w3.org/2000/09/xmldsig#" xmlns:xal="urn:oasis:names:tc:ciq:xsdschema:xAL:2.0" xmlns:xnl="urn:oasis:names:tc:ciq:xsdschema:xNL:2.0" xmlns:ts="urn:oasis:names:tc:evs:schema:eml:ts" xmlns:xs="http://www.w3.org/2001/XMLSchema-instance" xs:schemaLocation="urn:oasis:names:tc:evs:schema:eml ../Schema/EML/110-electionevent-v5-0.xsd" SchemaVersion="5" Id="45b514d1-2100-42fd-97e3-19713ca85d6b">
  <TransactionId>42ddb770-8d92-4e01-b1ed-4101643339b9</TransactionId>
  <ElectionEvent>
    <EventIdentifier Id="25881">
      <EventName>2020 Groom By-election</EventName>
    </EventIdentifier>
    <ManagingAuthority>
      <AuthorityIdentifier Id="AEC">Australian Electoral Commission</AuthorityIdentifier>
      <AuthorityAddress AddressType="Office">
        <xal:AddressLines>
          <xal:AddressLine Type="AddressLine1">50 Marcus Clarke Street</xal:AddressLine>
          <xal:AddressLine Type="Suburb">Canberra</xal:AddressLine>
          <xal:AddressLine Type="State">ACT</xal:AddressLine>
          <xal:AddressLine Type="Postcode">2601</xal:AddressLine>
        </xal:AddressLines>
      </AuthorityAddress>
    </ManagingAuthority>
    <Election>
      <ElectionIdentifier Id="H">
        <ElectionName>House of Representatives By-election for the division of Groom</ElectionName>
        <ElectionCategory>ByElection</ElectionCategory>
      </ElectionIdentifier>
      <Date Type="PollingDay">
        <SingleDate>2020-11-28T00:00:00</SingleDate>
      </Date>
      <Contest>
        <ContestIdentifier Id="164" ShortCode="GROO">
          <ContestName>Groom</ContestName>
        </ContestIdentifier>
        <Area Id="164" Type="division">Groom</Area>
        <Position>Member of the House of Representatives for the Federal Division of Groom</Position>
        <VotingMethod>other</VotingMethod>
        <MaxVotes>1</MaxVotes>
        <NumberOfPositions>1</NumberOfPositions>
      </Contest>
    </Election>
  </ElectionEvent>
</EML>